{
    "Yehudit": {
        "posture_baseline": 73.56521536728793,
        "pitch_baseline": 7.80659713009788
    },
    "Avigail": {
        "posture_baseline": 68.21337090047616,
        "pitch_baseline": 4.4766237531924835
    }
}